resolved_domain,text,created_at,author_id,twtid
childrenshealthdefense.org,7562,9258,4172,9274
cdc.gov,3914,4233,2507,4236
hhs.gov,3593,4176,2714,4178
openvaers.com,2710,3217,1320,3217
thegatewaypundit.com,2052,3052,2432,3071
medalerts.org,1540,1698,646,1700
usa.gov,5,717,717,721
rumble.com,440,618,382,618
youtu.be,470,547,352,547
cnn.it,10,483,488,491
bitchute.com,336,451,318,451
reuters.com,385,406,370,406
dailyexpose.co.uk,295,378,287,378
icandecide.org,368,368,34,369
rakuten.co.jp,196,366,246,366
disq.us,195,331,276,331
theepochtimes.com,313,324,147,324
odysee.com,234,312,176,312
vaccineimpact.com,292,311,195,311
wordpress.com,278,289,163,291
youtube.com,241,272,163,272
humansarefree.com,253,271,141,271
secureservercdn.net,266,270,13,270
afinalwarning.com,44,263,247,263
google.com,249,255,173,256
usatoday.com,96,245,234,245
globalresearch.ca,199,225,153,225
chute.rocks,188,218,183,218
nih.gov,153,203,145,203
revolver.news,194,196,139,196
cienciaysaludnatural.com,182,191,8,191
zerohedge.com,75,182,164,186
ahrq.gov,160,183,115,183
thevaccinereaction.org,166,174,80,174
t.me,149,171,135,171
greatgameindia.com,41,170,151,170
mhra.gov.uk,160,169,35,169
greenmedinfo.com,146,156,123,156
vaers.com,151,153,89,153
lifesitenews.com,147,151,123,151
thetruedefender.com,55,148,141,148
freeworldnews.tv,25,139,143,144
note.com,36,141,106,141
noqreport.com,90,130,111,130
byethost3.com,117,126,8,126
hive.blog,85,125,13,125
syrianews.cc,120,123,15,123
fullfact.org,120,121,111,121
cnn.com,98,119,112,120
prezi.com,120,120,11,120
factcheck.org,115,117,90,119
welovetrump.com,110,117,95,117
brighteon.com,83,113,105,114
theburningplatform.com,99,112,81,112
www.gov.uk,108,109,48,109
hpv-vaccine-side-effects.com,89,109,38,109
reitschuster.de,81,106,94,106
nebraskamed.com,103,105,90,105
vice.com,104,105,54,105
frontnieuws.com,74,105,83,105
medicalkidnap.com,100,104,60,104
facebook.com,85,102,65,102
principia-scientific.com,81,98,64,98
lewrockwell.com,90,98,71,98
researchgate.net,42,96,90,96
trialsitenews.com,91,95,73,95
blogspot.com,93,94,68,94
fda.gov,88,94,75,94
vaxxtracker.com,75,91,24,91
threadreaderapp.com,90,90,29,90
thebl.com,48,89,86,89
iavian.net,23,87,76,89
crazzfiles.com,8,88,86,88
archive.org,87,87,68,87
canada.ca,84,84,22,84
vaers.gov,84,84,46,84
sciencebasedmedicine.org,82,82,42,82
brandnewtube.com,73,81,65,81
goo.ne.jp,16,79,74,79
apnews.com,74,77,30,77
nvic.org,47,77,59,77
truepundit.com,8,77,76,77
trikooba.com,77,77,54,77
foxnews.com,67,73,66,73
instagram.com,68,72,49,72
thelibertyloft.com,71,71,65,71
21stcenturywire.com,54,70,62,70
gnews.org,32,70,62,70
scivisionpub.com,38,68,2,68
activenews.ro,68,68,31,68
thecovidblog.com,64,65,59,65
hugotalks.com,25,65,61,65
sonsoflibertymedia.com,60,63,37,63
bmj.com,62,62,44,62
adrreports.eu,62,62,44,62
tumia.org,61,61,2,61
thefreethoughtproject.com,56,60,44,60
rui.jp,11,58,53,58
truth11.com,28,58,50,58
politifact.com,58,58,49,58
americasfrontlinedoctors.org,36,56,55,56
slaveplanet.net,7,54,49,54
salsalabs.org,43,54,49,54
covid-101.org,54,54,48,54
open-vaers.com,2,53,53,53
npr.org,51,52,49,52
forbes.com,51,51,50,51
z3news.com,50,51,40,51
sciencedirect.com,19,51,47,51
sciencemag.org,49,50,46,50
vaxpain.us,42,50,35,50
local12.com,25,49,41,49
newsweek.com,36,49,43,49
leadstories.com,44,48,23,48
swprs.org,42,48,25,48
changingtimes.media,45,48,7,48
healthfeedback.org,45,48,43,48
dropbox.com,47,47,20,47
savaers.co.za,40,47,5,47
ameblo.jp,28,46,40,46
thebl.tv,43,46,34,46
beforeitsnews.com,45,45,37,45
vaxopedia.org,36,45,28,45
renz-law.com,44,44,9,44
nytimes.com,36,44,30,44
thearkivist.net,27,43,33,43
unite4truth.com,42,43,25,43
darksidevaccines.com,42,42,2,42
gab.com,42,42,36,42
teamtuckercarlson.com,33,41,37,41
mirastnews.net,41,41,12,41
virginiastoner.com,19,41,38,41
jpands.org,2,41,41,41
nomorefakenews.com,36,40,21,40
crooksandliars.com,17,40,39,40
newstarget.com,36,40,15,40
service.gov.uk,40,40,26,40
12bytes.org,5,40,40,40
punjabkesari.in,2,39,38,39
stateofthenation.co,28,39,32,39
newsbreakapp.com,39,39,31,39
apple.news,32,38,13,38
needtoknow.news,28,37,35,37
news360.com,24,37,11,37
tierrapura.org,35,36,30,36
msn.com,36,36,24,36
visiontimes.com,28,35,34,35
respectfulinsolence.com,31,34,18,35
blacklistednews.com,18,35,30,35
ukcolumn.org,32,35,23,35
snopes.com,12,34,32,34
philosophers-stone.info,34,34,31,34
dissident.one,30,34,27,34
fbanews.org,32,34,19,34
thelastamericanvagabond.com,32,33,23,33
theconservativetreehouse.com,33,33,31,33
reut.rs,33,33,30,33
mcgill.ca,30,32,23,32
christianitydaily.com,23,31,17,31
nejm.org,31,31,31,31
archive.is,25,30,5,30
databaseitalia.it,27,30,28,30
asyura2.com,29,30,12,30
cnbsnews.live,29,30,24,30
sunfellow.com,29,29,1,29
jamanetwork.com,29,29,27,29
thehighwire.com,29,29,28,29
nature.com,27,29,15,29
mkeenan.ie,20,28,11,28
jameslyonsweiler.com,12,28,28,28
technocracy.news,28,28,28,28
survivaldan101.com,6,28,28,28
wnd.com,26,27,24,27
drcharlieward.com,3,27,26,27
precisionvaccinations.com,27,27,24,27
thewashingtonstandard.com,25,26,14,26
circleofmamas.com,25,26,18,26
stillnessinthestorm.com,26,26,12,26
vaers.org,23,26,20,26
artsenvoorvrijheid.be,21,25,16,25
wsj.com,25,25,25,25
deplatformdisease.com,23,25,13,25
shr.lc,24,25,7,25
davidicke.com,25,25,20,25
infowars.com,19,25,18,25
fbsbx.com,23,24,5,24
medrxiv.org,24,24,18,24
clinicaltrials.gov,16,24,23,24
dailymail.co.uk,24,24,23,24
nypost.com,23,23,21,23
basedunderground.com,21,23,18,23
health.com,23,23,19,23
restoringtrials.org,22,22,1,22
yahoo.com,22,22,19,22
go.com,22,22,20,22
hrsa.gov,21,21,21,21
vk.com,21,21,14,21
ghionjournal.com,20,21,6,21
fromthetrenchesworldreport.com,19,21,18,21
world365.info,21,21,20,21
wethepundit.com,21,21,3,21
nomasmentiras.uy,13,20,20,20
fb.watch,20,20,8,20
translate.goog,20,20,9,20
adobe.com,14,20,17,20
techstartups.com,19,19,17,19
sharylattkisson.com,19,19,14,19
cogiito.com,19,19,16,19
substack.com,19,19,19,19
http://gov.uk,19,19,12,19
medium.com,13,19,18,19
gettr.com,18,18,16,18
dcclothesline.com,18,18,15,18
thejournal.ie,18,18,17,18
physiciansforinformedconsent.org,18,18,3,18
newsbreak.com,10,18,17,18
medpagetoday.com,18,18,15,18
thetruthaboutvaccines.com,9,18,4,18
nowtheendbegins.com,18,18,16,18
twimg.com,18,18,3,18
newsmax.com,18,18,15,18
lnkd.in,17,17,11,17
wakingtimes.com,17,17,13,17
vigiaccess.org,17,17,14,17
wikipedia.org,17,17,16,17
leohohmann.com,17,17,16,17
uncanceled.news,6,17,17,17
marktaliano.net,17,17,11,17
kutv.com,16,16,12,16
sgtreport.com,16,16,8,16
thelibertybeacon.com,15,16,11,16
urayasucitizens.net,16,16,3,16
uncutnews.ch,16,16,13,16
afp.com,13,16,13,16
firstdraftnews.org,16,16,12,16
podbean.com,5,16,14,16
nakedcapitalism.com,15,16,15,16
washingtonpost.com,16,16,16,16
theduran.com,16,16,16,16
rivm.nl,15,16,1,16
greatmountainpublishing.com,15,15,14,15
israelnationalnews.com,14,15,12,15
sott.net,15,15,10,15
visiontimesjp.com,8,15,15,15
skepticalraptor.com,14,15,9,15
nojabforme.info,15,15,8,15
indymedia.ie,14,15,1,15
infiniteunknown.net,14,15,3,15
cnbc.com,15,15,15,15
dlive.tv,4,15,14,15
teapartypac.org,15,15,1,15
wusa9.com,13,14,13,14
thelancet.com,14,14,13,14
epochtimes.com,2,14,14,14
vimeo.com,13,14,13,14
thewatchtowers.org,13,14,7,14
alethonews.com,14,14,4,14
waarheid.tv,14,14,10,14
congress.gov,14,14,5,14
digitaloceanspaces.com,14,14,9,14
researchsquare.com,4,14,14,14
tmblr.co,14,14,4,14
lnkiy.in,13,13,1,13
newtral.es,13,13,7,13
filesusr.com,13,13,11,13
getome.com,11,13,8,13
globalnews.ca,13,13,4,13
oup.com,13,13,12,13
opr.as,13,13,11,13
politics.blog,13,13,2,13
spotify.com,13,13,4,13
zpr.io,11,13,7,13
wiley.com,8,13,12,13
theguardian.com,13,13,9,13
truthsnitch.com,13,13,11,13
ugetube.com,12,13,8,13
wp.me,8,13,9,13
wsimg.com,13,13,10,13
aappublications.org,13,13,7,13
scribd.com,12,12,10,12
brianrwright.com,12,12,2,12
businessbourse.com,12,12,12,12
europa.eu,12,12,12,12
doi.org,12,12,12,12
profidecatholica.com,12,12,11,12
pscp.tv,12,12,10,12
theatlantic.com,12,12,4,12
ejercitoremanente.com,12,12,9,12
conservativewoman.co.uk,12,12,9,12
redvoicemedia.com,10,11,10,11
qcovid.org,8,11,11,11
geneticliteracyproject.org,9,11,6,11
conta.cc,11,11,3,11
aier.org,10,11,1,11
rokfin.com,11,11,10,11
weebly.com,11,11,3,11
injuredbycovidvaccine.com,8,11,8,11
kcra.com,11,11,11,11
contrafatos.com.br,11,11,11,11
livedoor.jp,11,11,8,11
digitalwarriorproductions.com,10,10,5,10
worldometers.info,10,10,6,10
sadefenza.org,9,10,9,10
statista.com,10,10,7,10
algora.com,10,10,10,10
opr.news,10,10,7,10
tiktok.com,10,10,9,10
rumormillnews.com,10,10,6,10
freedomfirstnetwork.com,10,10,8,10
rviv.ly,10,10,2,10
deconstructingconventional.com,10,10,10,10
naturalblaze.com,9,10,7,10
swfinstitute.org,9,10,9,10
drugdiscoverytrends.com,10,10,4,10
lbry.tv,10,10,8,10
thenewamerican.com,10,10,8,10
dimpenews.com,9,9,2,9
economicblogs.org,6,9,2,9
governmentciomedia.com,5,9,2,9
healthchoicemaryland.org,9,9,7,9
ourworldindata.org,9,9,8,9
allinohio.com,1,9,1,9
abcn.ws,9,9,8,9
linkedin.com,9,9,9,9
mediamatters.org,9,9,8,9
americanthinker.com,9,9,8,9
eutimes.net,9,9,9,9
businessinsider.com,9,9,7,9
somebitchtoldme.com,8,9,5,9
amgreatness.com,9,9,9,9
rt.com,9,9,8,9
home.blog,9,9,4,9
nbcnews.com,9,9,9,9
citizenwells.com,9,9,3,9
poynter.org,8,8,6,8
everlyreport.com,5,8,8,8
acsh.org,8,8,8,8
wgntv.com,8,8,1,8
questioningcovid.com,8,8,2,8
conservativeplaybook.com,8,8,1,8
noi.org,8,8,1,8
kuleksii.com,8,8,3,8
conservativedailynews.com,8,7,5,8
c19vaxreactions.com,8,8,4,8
francemediasnumerique.com,8,8,8,8
tableau.com,8,8,2,8
vaccineinjurynews.com,8,8,8,8
climatecontrarian.com,8,8,1,8
aubedigitale.com,8,8,8,8
geenvijslos.be,8,8,2,8
bbc.co.uk,8,8,7,8
informedchoicewa.org,8,8,7,8
cbc.ca,8,8,7,8
myvalleynews.com,8,8,8,8
villagenews.com,8,8,7,8
mol.im,8,8,2,8
wtsp.com,8,8,8,8
francesoir.fr,8,8,7,8
williamengdahl.com,2,7,7,7
vaccinedeaths.co,7,7,1,7
bloomberg.com,7,7,7,7
citizenfreepress.com,4,7,7,7
wbrc.com,6,7,6,7
mercola.com,7,6,7,7
etresouverain.com,7,7,3,7
dreddymd.com,2,7,7,7
tapnewswire.com,7,7,6,7
thetruereporter.com,7,7,7,7
nationalfile.com,7,7,7,7
paulcraigroberts.org,7,7,7,7
hotpagenews.com,3,7,4,7
onlineresistancemovement.net,7,7,1,7
granicus.com,7,7,5,7
wkrn.com,5,7,3,7
gofundme.com,7,7,2,7
choratouaxoritou.gr,7,7,4,7
wkyt.com,7,7,7,7
modernatx.com,7,7,7,7
joshwho.net,4,7,5,7
raypeatforum.com,7,7,1,7
rapsodia.fi,7,7,1,7
lockdownsceptics.org,7,7,6,7
fc2.com,7,7,2,7
the-daily-madness.com,7,7,7,7
ycombinator.com,7,7,7,7
mdpi.com,7,7,7,7
projectveritas.com,4,7,7,7
pronews.gr,7,7,6,7
nworeport.me,6,6,6,6
truthunmuted.org,6,6,6,6
apple.com,6,6,5,6
freedombunker.com,6,6,1,6
freedomsphoenix.com,5,6,6,6
antiprogre.com,6,6,6,6
newsguardtech.com,6,6,3,6
newsday.co.tt,6,6,1,6
gospanews.net,6,6,6,6
eraoflight.com,6,6,6,6
news-medical.net,6,6,6,6
truthcomestolight.com,6,6,6,6
threader.app,5,6,4,6
nationalreview.com,6,6,6,6
ampproject.org,6,6,5,6
newindianexpress.com,6,6,4,6
michelduchaine.com,6,6,5,6
websitefriend.com,6,6,1,6
alertadigital.com,6,6,6,6
micdroppolitics.com,6,6,6,6
jordanthrilla.com,6,6,6,6
theautomaticearth.com,6,6,1,6
indiatoday.in,6,6,3,6
harvard.edu,6,6,5,6
wmal.com,6,6,6,6
healthleadersmedia.com,6,6,6,6
superu.net,6,6,5,6
hopkinsmedicine.org,6,6,5,6
dailyveracity.com,6,6,6,6
pfizer.com,6,6,6,6
patreon.com,6,6,3,6
prnewswire.com,6,6,5,6
collective-evolution.com,6,6,6,6
rickjaffeesq.com,6,6,6,6
ibtimes.com,6,6,6,6
earthreview.net,6,6,3,6
deliberationdaily.de,6,6,1,6
wtvy.com,6,6,5,6
ijvtpr.com,6,6,5,6
thecoloradoherald.com,4,6,5,6
x10host.com,6,6,1,6
hss.gov,6,6,4,6
jhu.edu,5,5,5,5
telegraph.co.uk,5,5,4,5
hedgeaccordingly.com,2,5,4,5
dakowski.pl,5,5,3,5
theblogginghounds.com,5,5,3,5
tga.gov.au,5,5,4,5
cbsnews.com,5,5,5,5
ja.ma,5,5,5,5
orbys.net,5,5,2,5
wset.com,5,5,4,5
htv.mx,5,5,5,5
sagepub.com,5,5,5,5
genteporlaverdad.com,5,5,1,5
medscape.com,5,5,5,5
stopnop.com.pl,3,5,1,5
fox8.com,5,5,5,5
nationaldailyng.com,5,5,1,5
shinobi.jp,4,5,5,5
archive.ph,5,5,5,5
vaersanalysis.info,4,5,5,5
skepticalinquirer.org,5,5,5,5
statnews.com,5,5,5,5
soundcloud.com,4,5,5,5
military.com,5,5,3,5
covid19vaccinefacts.net,5,5,4,5
causeaction.com,5,5,5,5
wcnc.com,5,5,5,5
theredelephants.com,5,5,4,5
harvardpolitics.com,5,5,4,5
thehindu.com,5,5,3,5
thejewishvoice.com,5,5,4,5
halturnerradioshow.com,5,5,5,5
aeginagreece.com,5,5,1,5
over-blog.com,5,5,2,5
oann.com,5,5,5,5
wfaa.com,5,5,4,5
lareb.nl,5,5,5,5
dw.com,5,5,5,5
omny.fm,5,5,2,5
libertyjournal.org,4,5,4,5
wffjtv.com,5,5,4,5
theprint.in,5,5,4,5
organiclifestylemagazine.com,5,5,5,5
breitbart.com,5,5,5,5
livelaw.in,2,5,5,5
doctors4covidethics.org,5,5,4,5
newtube.app,5,5,4,5
extremelyamerican.com,4,5,5,5
cairnsnews.org,5,5,5,5
khn.org,5,5,5,5
lowellsun.com,2,5,1,5
captajitvadakayil.in,5,5,5,5
quora.com,4,5,2,5
dcdirtylaundry.com,5,5,5,5
agrdailynews.com,5,5,2,5
nexusnewsfeed.com,5,5,4,5
ramblalibre.com,5,5,4,5
angiesoptiongrm.org,4,4,2,4
vernoncoleman.org,4,4,4,4
anchor.fm,4,4,4,4
makeleio.gr,4,4,4,4
grandtheftworld.com,4,4,1,4
verdadypaciencia.com,4,4,4,4
who.int,4,4,4,4
yourdestinationnow.com,4,4,4,4
huffpost.com,4,4,4,4
greeknewsondemand.com,4,4,2,4
wbez.org,3,4,4,4
andrewkaufmanmd.com,3,4,3,4
voedselallergie.nl,4,4,1,4
google.ca,4,4,4,4
vaxoutcomes.com,4,4,2,4
americaoutloud.com,4,4,4,4
independentsentinel.com,3,4,4,4
locals.com,4,4,4,4
latimes.com,4,4,3,4
johnccarleton.org,4,4,2,4
aamc.org,4,4,4,4
indiatimes.com,4,4,4,4
stanford.edu,4,4,1,4
newswars.com,4,4,3,4
freerepublic.com,4,4,2,4
ppjg.me,4,4,2,4
republicbroadcasting.org,4,4,3,4
thecovid.site,4,4,1,4
reddit.com,4,4,3,4
deviantart.com,4,4,1,4
theempoweror.com,4,4,4,4
canadianliberty.com,4,4,3,4
pressecop24.com,4,4,3,4
docworkspace.com,2,4,4,4
nooit.nl,4,4,3,4
politicalbombshow.com,4,4,1,4
thepalmierireport.com,4,4,4,4
thephaser.com,4,4,4,4
eldiestro.es,4,4,4,4
breaking-news.ca,4,4,4,4
ept.ms,4,4,4,4
brassballs.blog,4,3,4,4
reseauinternational.net,4,4,4,4
telegraphindia.com,3,4,4,4
chemtrailplanet.com,4,4,2,4
chng.it,4,4,3,4
spreaker.com,4,4,3,4
spr.ly,4,4,3,4
consciouslifenews.com,4,4,2,4
sorendreier.com,4,4,4,4
connectiv.events,4,4,4,4
steigan.no,3,4,3,4
sinaisdoreino.com.br,4,4,1,4
collective-spark.xyz,4,4,1,4
coercioncode.com,4,4,4,4
sentiweb.fr,4,4,2,4
survivethenews.com,4,4,3,4
sync.com,4,4,2,4
cuzzblue.com,4,4,4,4
rootforamerica.com,4,4,4,4
robertscottbell.com,4,4,1,4
blogfactory.co.uk,4,4,1,4
theinformedbeing.org,4,4,1,4
uncut-news.ch,4,4,4,4
biologosporlaverdad.es,4,4,1,4
mirror.co.uk,4,4,2,4
archive.fo,4,4,1,4
vaccineeffects.org,4,4,2,4
netlify.app,4,4,2,4
firstcoastnews.com,4,4,4,4
tkmk.biz,4,4,4,4
newsrepublic.net,4,4,4,4
twinybots.ch,4,4,4,4
ctvnews.ca,4,4,4,4
noesis2017.com,4,4,1,4
ninefornews.nl,4,4,3,4
tkp.at,3,3,3,3
swky.co,3,3,1,3
salk.edu,3,3,3,3
vaccine.guide,3,3,2,3
nejm.jp,2,3,3,3
ussanews.com,3,3,3,3
robscholtemuseum.nl,2,3,1,3
ons.gov.uk,3,3,2,3
vaccine4all.jp,2,3,3,3
worldviewweekend.com,3,3,3,3
investmentwatchblog.com,3,3,3,3
ipaknowledge.org,3,3,2,3
iruur1.com,3,3,1,3
news18.com,3,3,1,3
ivmmeta.com,3,3,2,3
indianexpress.com,3,3,2,3
ndtv.com,3,3,3,3
tennesseepatriot.com,3,3,1,3
independentside.com,3,3,2,3
mhlw.go.jp,2,3,3,3
zeromandatoryvaxx.com,3,3,1,3
ln247.news,3,3,2,3
missionlocal.org,2,3,2,3
ibb.co,3,3,2,3
metro.co.uk,3,3,3,3
lmgtfy.app,3,3,2,3
time.com,3,3,3,3
skepdoc.info,3,3,3,3
memo.cash,3,3,2,3
nbc29.com,3,3,1,3
stopmrnavaccins.today,3,3,2,3
imperial.ac.uk,3,3,1,3
nbcconnecticut.com,3,3,3,3
sfgate.com,3,3,1,3
virusncov.com,3,3,1,3
news24.com,3,3,3,3
oom2.com,3,3,3,3
wochenblick.at,3,3,2,3
thehill.com,3,3,3,3
prepareforchange.net,3,3,3,3
townhall.com,3,3,2,3
libsyn.com,3,3,1,3
minds.com,3,3,3,3
market-ticker.org,3,3,3,3
legalvaccine.com,3,3,2,3
thelogicofscience.com,3,3,3,3
newswithviews.com,3,3,3,3
osf.io,3,3,3,3
oregonlive.com,3,3,3,3
weblyf.com,3,3,2,3
opensourcetruth.com,3,3,3,3
off-guardian.org,3,3,3,3
libertysentinel.org,3,3,2,3
typepad.com,3,3,3,3
kxan.com,3,3,3,3
prevencia.net,3,3,1,3
jpost.com,3,3,3,3
usamagazinestudio.com,3,3,3,3
usafacts.org,3,3,3,3
regulations.gov,3,3,3,3
thedailybeast.com,3,3,3,3
rambler.ru,3,3,3,3
thedesertreview.com,3,3,3,3
jrnl.ie,3,3,3,3
thefederalist.com,3,3,3,3
katohika.gr,3,3,3,3
radiopatriot.net,3,3,3,3
ukhealthradio.com,3,3,1,3
ukfreedomproject.org,3,3,2,3
uk.gov,3,3,3,3
ksnt.com,3,3,3,3
timesofindia.com,3,3,2,3
medisolve.org,3,3,3,3
flote.app,3,3,1,3
countdowntothekingdom.com,3,3,2,3
globaltimes.cn,3,3,3,3
biznews.com,3,3,1,3
dailycaller.com,3,3,3,3
historyofvaccines.org,3,3,3,3
childrenshealthdefense.eu,3,3,3,3
covid-datascience.com,3,3,3,3
duckduckgo.com,3,3,3,3
hhs.org,3,3,3,3
catholiccitizens.org,3,3,3,3
hhs.com,3,3,2,3
foxsanantonio.com,3,3,3,3
healthypeople.gov,3,3,2,3
evidencenotfear.com,2,3,3,3
headlin3s.com,2,3,3,3
heart.org,3,3,3,3
bibula.com,3,3,1,3
freewestmedia.com,3,3,3,3
covid19risktools.com,3,3,3,3
cnb.cx,3,3,3,3
graphext.com,3,3,2,3
anti-vaccines.com,3,3,2,3
gloria.tv,3,3,1,3
beckershospitalreview.com,3,3,3,3
dovepress.com,3,3,3,3
ekspresvesti.rs,3,3,2,3
allsides.com,3,3,1,3
fortune.com,3,3,3,3
comedonchisciotte.org,3,3,3,3
bbc.com,3,3,3,3
activistpost.com,3,3,3,3
google.fr,3,3,3,3
google.co.uk,3,3,3,3
en-volve.com,3,3,3,3
hetnieuwsmaardananders.nl,3,3,1,3
essentialliberties.com,2,3,3,3
unesco.org,2,2,2,2
fox17online.com,2,2,2,2
uol.com.br,2,2,1,2
foxbusiness.com,2,2,2,2
the-sun.com,2,2,2,2
mileswmathis.com,2,2,1,2
cdcwonder.gov,2,2,1,2
vaccinedamage.news,2,2,2,2
promotion.to,2,2,2,2
aust.gov,2,2,2,2
awakecanada.org,2,2,2,2
australiannationalreview.com,2,2,1,2
divergemedia.ca,2,2,2,2
mixonline.jp,2,2,2,2
nakim.org,2,2,2,2
capoliticalreview.com,2,2,1,2
fox2now.com,2,1,2,2
foxbaltimore.com,2,2,1,2
austingwalters.com,2,2,2,2
popular.info,2,2,2,2
gerakandrea.com,2,2,1,2
publishedreporter.com,2,2,2,2
mailchi.mp,2,2,2,2
masnsports.com,2,2,1,2
vestibular.org,2,2,1,2
realcitizenreports.com,2,2,2,2
vhme.org,2,2,2,2
realclearscience.com,2,2,2,2
anhinternational.org,2,2,2,2
mailaz.com,2,2,2,2
raysahelian.com,1,2,1,2
americanfaith.com,2,2,2,2
goodjobsfirst.org,2,2,2,2
amazon.com,2,2,2,2
loom.ly,2,2,2,2
vocidallastrada.org,2,2,2,2
google.co.jp,2,2,1,2
chop.edu,2,2,2,2
rawstory.com,2,2,2,2
frontiersin.org,2,2,2,2
rairfoundation.com,2,2,2,2
vaccinewars.com,2,2,2,2
mentealternativa.com,2,2,2,2
archive.vn,2,2,1,2
deutschelobbyinfo.com,2,2,2,2
deseret.com,2,2,2,2
umin.ac.jp,2,2,2,2
vaxlonghaulers.com,2,2,2,2
mediaite.com,2,2,2,2
medicalxpress.com,2,2,2,2
telegraaf.nl,2,2,2,2
github.io,2,2,2,2
mediaunveiled.com,2,2,1,2
mediapart.fr,2,2,2,2
globaldiasporanews.com,2,2,2,2
nbcchicago.com,2,2,2,2
meaww.com,2,2,1,2
fox10tv.com,2,2,2,2
tittlepress.com,2,2,2,2
blogger.com,2,2,1,2
bles.com,2,2,2,2
thepowerhour.com,2,2,1,2
timesfreepress.com,2,2,2,2
europereloaded.com,2,2,1,2
osha.gov,2,2,2,2
noticiali.com,2,2,2,2
nymag.com,2,2,2,2
bityl.co,2,2,1,2
earthunited.global,2,2,2,2
nosignalfound.fr,2,2,1,2
northsidesun.com,2,2,2,2
today.com,2,2,1,2
everyaction.com,2,2,1,2
nyc.gov,2,2,1,2
originalrebel.net,2,2,2,2
tomgrimshaw.com,2,2,1,2
borsainside.com,2,2,2,2
thesun.co.uk,2,2,2,2
thetattyjournal.org,2,2,2,2
bre.is,2,2,2,2
thetruthrevolution.net,2,2,2,2
onevaxxednurse.com,2,2,2,2
thetruthseeker.co.uk,2,2,2,2
theverge.com,2,2,2,2
nyti.ms,2,2,2,2
epochtimes.com.br,2,2,2,2
ocregister.com,2,2,2,2
thewashingtoncountyauditor.com,2,2,1,2
boomlive.in,2,2,2,2
organicconsumers.org,2,2,2,2
theragingpatriot.org,2,2,2,2
everydayconcerned.net,2,2,2,2
paradyzja.com,2,2,2,2
ncovd.org,2,2,1,2
drleemerritt.com,2,2,2,2
news4sanantonio.com,2,2,2,2
tumblr.com,2,2,2,2
snip.ly,2,2,1,2
news.com.au,2,2,2,2
c19study.com,2,2,2,2
twitcasting.tv,2,2,2,2
newagora.ca,2,2,1,2
fdanews.com,2,2,2,2
thefuckintruth.com,2,2,1,2
californiaglobe.com,2,2,2,2
platoscave.org,2,2,2,2
forbiddenknowledgetv.net,2,2,2,2
nd.gov,2,2,1,2
banthis.tv,2,2,2,2
drrobertyoung.com,2,2,2,2
newscentermaine.com,2,2,2,2
parler.com,2,2,2,2
tribunanacional.com.br,2,2,2,2
express.co.uk,2,2,1,2
parliament.uk,2,2,2,2
parstoday.com,2,2,2,2
biorxiv.org,2,2,2,2
nhk.or.jp,2,2,1,2
bund.de,2,2,2,2
triklopodia.gr,2,2,2,2
bestnewshere.com,2,2,2,2
pattoomedia.com,2,2,1,2
theirishsentinel.com,2,2,2,2
buzzfeeg.com,2,2,1,2
buzzsprout.com,2,2,2,2
peopleforthetruth.com,2,2,1,2
byethost10.com,2,2,2,2
chromographicsinstitute.com,2,2,2,2
oracle.com,2,2,2,2
vvv.org.ua,2,2,1,2
seattlechildrens.org,2,2,2,2
kgw.com,2,2,2,2
scoop.co.nz,2,2,2,2
stopmrnavaccines.today,2,2,1,2
hh.gov,2,2,2,2
aflds.org,2,2,2,2
integrativenutritionaltherapies.com,2,2,1,2
kozanara.gr,2,2,1,2
abc.net.au,2,2,2,2
covid19criticalcare.com,2,2,2,2
wtop.com,2,2,2,2
stopworldcontrol.com,2,2,1,2
dailyheadlines.net,2,2,2,2
straight2point.info,2,2,2,2
whatreallyhappened.com,2,2,2,2
instagr.am,2,2,2,2
sec.gov,2,2,2,2
streamable.com,2,2,1,2
weesdeweerstand.nl,2,2,2,2
ino.to,2,2,1,2
conspirituality.net,2,2,1,2
sensereceptornews.com,2,2,1,2
hindustantimes.com,2,2,2,2
covid-crime.org,2,2,1,2
dailyinformer.com,2,2,1,2
laverdadofende.blog,2,2,2,2
sun-sentinel.com,2,2,2,2
scmp.com,2,2,2,2
conservativeplaylist.com,2,2,2,2
hoops227.tv,2,2,1,2
cryptogon.com,2,2,1,2
covidvaccinereactions.com,2,2,2,2
jccf.ca,2,2,2,2
states.it,2,2,1,2
jneurology.com,2,2,2,2
joannenova.com.au,2,2,2,2
statesman.com,2,2,2,2
covidvaccinevictims.com,2,2,2,2
wodarg.com,2,2,1,2
sabinopaciolla.com,2,2,1,2
jacksonfreepress.com,2,2,1,2
commonsensetv.nl,2,2,2,2
healthday.com,2,2,2,2
worldtribune.com,2,2,2,2
afld.org,2,2,1,2
adrenogate.net,2,2,2,2
wkrg.com,2,2,2,2
wjla.com,2,2,2,2
wired.com,2,2,2,2
winknews.com,2,2,2,2
abc4.com,2,2,2,2
scienceblogs.com,2,2,2,2
cvdvaccine-us.com,2,2,2,2
kdvr.com,2,2,2,2
cvdvaccine.com,2,2,2,2
roguereview.net,2,2,2,2
kens5.com,2,2,1,2
www.open,2,2,2,2
laatjenietvaccineren.nl,2,2,1,2
settingbrushfires.com,2,2,2,2
limbaugh2020.com,2,2,1,2
aljazeera.com,2,2,2,2
libertadusa.com,2,2,1,2
yucatanall.com,2,2,1,2
libertyroundtable.com,2,2,1,2
lbry.com,2,2,1,2
corona-transition.org,2,2,2,2
zcu.io,2,2,2,2
hpra.ie,2,2,2,2
government-canada.com,2,2,2,2
lifehacker.com,2,2,2,2
swissmedic.ch,2,2,2,2
linktr.ee,2,2,1,2
gtv.org,2,2,2,2
zeitpunkt.ch,2,2,2,2
republicoftruth.com,2,2,2,2
washingtonexaminer.com,2,2,2,2
zejournal.mobi,2,2,2,2
htn.to,2,2,2,2
skynews.com.au,2,2,2,2
report.no,2,2,2,2
cornell.edu,2,2,2,2
livescience.com,2,2,2,2
huffp.st,2,2,2,2
chute.com,2,2,1,2
contendingfortruth.com,2,2,2,2
libertytree.news,2,2,1,2
shorturl.at,2,2,2,2
legitgov.org,2,2,2,2
sfchronicle.com,2,2,2,2
webmd.com,2,2,2,2
in.gov,2,2,2,2
yahoo.co.jp,2,2,2,2
spectator.com.au,2,2,2,2
lesakerfrancophone.fr,2,2,1,2
speakingaboutnews.com,2,2,2,2
haaretz.com,2,2,2,2
contagionlive.com,2,2,2,2
imgur.com,2,2,2,2
legacy.com,2,2,2,2
covidtracker.fr,2,2,2,2
youcanknowthings.com,2,2,1,2
therussophile.org,1,1,1,1
brujitafr.fr,1,1,1,1
therapyworks.com.au,1,1,1,1
sst.dk,1,1,1,1
stamfordadvocate.com,1,1,1,1
therealslog.com,1,1,1,1
theplatform.ie,1,1,1,1
contralaapostasia.com,1,1,1,1
therippleeffectpodcast.com,1,1,1,1
spiegel.de,1,1,1,1
thepn.org,1,1,1,1
coreysdigs.com,1,1,1,1
thenationalpulse.com,1,1,1,1
standagainstpan.info,1,1,1,1
c-vine.com,1,1,1,1
standard.co.uk,1,1,1,1
thehighlandsteaparty.com,1,1,1,1
standforhealthfreedom.com,1,1,1,1
conservativesociety.org,1,1,1,1
brownpelicanla.com,1,1,1,1
conservativefighters.co,1,1,1,1
brgeneral.org,1,1,1,1
briefly.co,1,1,1,1
thepulse.one,1,1,1,1
bulatlat.com,1,1,1,1
thepetesantillishow.com,1,1,1,1
sps.nhs.uk,1,1,1,1
burbuja.info,1,1,1,1
ssrn.com,1,1,1,1
corbettreport.com,1,1,1,1
solve.org,1,1,1,1
btctechgroup.com,1,1,1,1
solaci.org,1,1,1,1
thekycker.com,1,1,1,1
sony.net,1,1,1,1
breaking911.com,1,1,1,1
businessinsurance.com,1,1,1,1
businesswire.com,1,1,1,1
cormandrostenreview.com,1,1,1,1
thelightpaper.co.uk,1,1,1,1
stopfake.org,1,1,1,1
statcan.gc.ca,1,1,1,1
clickysound.com,1,1,1,1
sweeneyapps.com,1,1,1,1
techly360.in,1,1,1,1
click2houston.com,1,1,1,1
survivalnomicsnow.com,1,1,1,1
cherrycreektimes.com,1,1,1,1
clickondetroit.com,1,1,1,1
channel3000.com,1,1,1,1
supremecourt.gov,1,1,1,1
superhealthcenter.com,1,1,1,1
thehealthsite.com,1,1,1,1
change.org,1,1,1,1
clthb.co,1,1,1,1
telex.hu,1,1,1,1
centipedenation.com,1,1,1,1
texansforvaccinechoice.com,1,1,1,1
texarkanagazette.com,1,1,1,1
texasborderbusiness.com,1,1,1,1
stupid.my,1,1,1,1
chiledrenshealthdefense.org,1,1,1,1
sweetwaterconsulting.co,1,1,1,1
cjonline.com,1,1,1,1
thescottishsun.co.uk,1,1,1,1
system.in,1,1,1,1
system.it,1,1,1,1
ci.ne,1,1,1,1
system.like,1,1,1,1
t-detect.com,1,1,1,1
cib.de,1,1,1,1
chrisvoncsefalvay.com,1,1,1,1
t.om,1,1,1,1
christiansfortruth.com,1,1,1,1
taiwannews.com.tw,1,1,1,1
talking-points.net,1,1,1,1
tampabay.com,1,1,1,1
swisscows.com,1,1,1,1
tandfonline.com,1,1,1,1
christianpost.com,1,1,1,1
tcn.video,1,1,1,1
tctmd.com,1,1,1,1
texastribune.org,1,1,1,1
censored.us,1,1,1,1
thailandmedical.news,1,1,1,1
care.com,1,1,1,1
thedialogue.co.in,1,1,1,1
thedispatch.com,1,1,1,1
stoplookthink.com,1,1,1,1
capnews.me,1,1,1,1
canberratimes.com.au,1,1,1,1
canal7salta.com,1,1,1,1
syracuse.com,1,1,1,1
theexpose.uk,1,1,1,1
thefascistnewworldorder.com,1,1,1,1
stocktwits.com,1,1,1,1
computertalk.com,1,1,1,1
canadafreepress.com,1,1,1,1
connectsolutions.com,1,1,1,1
conservativechoicecampaign.com,1,1,1,1
thegnmsolution.com,1,1,1,1
thegrumpyowl.co.uk,1,1,1,1
c19ivermectin.com,1,1,1,1
thedavidknightshow.com,1,1,1,1
cassandravoices.com,1,1,1,1
cedars-sinai.org,1,1,1,1
castbox.fm,1,1,1,1
the-people-committee.com,1,1,1,1
stuff.co.nz,1,1,1,1
theadvocate.com,1,1,1,1
straightlinelogic.com,1,1,1,1
cdc.news,1,1,1,1
theaustralian.com.au,1,1,1,1
cdc.com,1,1,1,1
thebiblefiles.com,1,1,1,1
cbslocal.com,1,1,1,1
cbsaustin.com,1,1,1,1
theblacksphere.net,1,1,1,1
cbs12.com,1,1,1,1
cnet.com,1,1,1,1
coios.wiki,1,1,1,1
catalystmedicalclinic.com,1,1,1,1
catallaxyfiles.com,1,1,1,1
theconversation.com,1,1,1,1
https://gov.uk/government/publications/coronavirus-covid-19-vaccine-adverse-reactions,1,1,1,1
bernward.blog,1,1,1,1
thesecondnews.com,1,1,1,1
weforum.org,1,1,1,1
ajmc.com,1,1,1,1
wcvb.com,1,1,1,1
wdsu.com,1,1,1,1
weaponizednews.com,1,1,1,1
weareiowa.com,1,1,1,1
aitia.fr,1,1,1,1
webs.com,1,1,1,1
airnet.ne.jp,1,1,1,1
webvoice.gr,1,1,1,1
aimsib.org,1,1,1,1
week.here,1,1,1,1
wellnessforumhealth.com,1,1,1,1
adiariocr.com,1,1,1,1
ahs.ca,1,1,1,1
westonaprice.org,1,1,1,1
ahajournals.org,1,1,1,1
agoraleaks.com,1,1,1,1
ageofautism.com,1,1,1,1
wfla.com,1,1,1,1
whatdotheyknow.com,1,1,1,1
aemps.gob.es,1,1,1,1
advfn.com,1,1,1,1
adreuropa.eu,1,1,1,1
winepressnews.com,1,1,1,1
wbur.fm,1,1,1,1
alaska.gov,1,1,1,1
wb.md,1,1,1,1
wattsupwiththat.com,1,1,1,1
annalsofian.org,1,1,1,1
verywellfit.com,1,1,1,1
veteranstoday.com,1,1,1,1
aninews.in,1,1,1,1
vidal.fr,1,1,1,1
andrewbostom.org,1,1,1,1
americasfrontlinedoctors.com,1,1,1,1
viralityproject.org,1,1,1,1
virginia.gov,1,1,1,1
americanindependent.com,1,1,1,1
amazonios.net,1,1,1,1
visiontimes.fr,1,1,1,1
amarujala.com,1,1,1,1
ama-assn.org,1,1,1,1
vtdigger.org,1,1,1,1
wa.gov,1,1,1,1
altcensored.com,1,1,1,1
wakkeren.nl,1,1,1,1
wapo.st,1,1,1,1
warroom.org,1,1,1,1
washingtonlatest.com,1,1,1,1
all.it,1,1,1,1
watchman.today,1,1,1,1
winnipegfreepress.com,1,1,1,1
wlns.com,1,1,1,1
thespec.com,1,1,1,1
york.ca,1,1,1,1
99.xxx,1,1,1,1
wustl.edu,1,1,1,1
wwlp.com,1,1,1,1
3.is,1,1,1,1
www.nhs.uk,1,1,1,1
wxyz.com,1,1,1,1
3.do,1,1,1,1
xandernieuws.net,1,1,1,1
222.at,1,1,1,1
yandex.com,1,1,1,1
20min.ch,1,1,1,1
2.pfizer,1,1,1,1
adarapress.com,1,1,1,1
1990.so,1,1,1,1
153news.net,1,1,1,1
yrs.how,1,1,1,1
yrs.total,1,1,1,1
13newsnow.com,1,1,1,1
zaidpub.com,1,1,1,1
zdf.de,1,1,1,1
zdnet.com,1,1,1,1
zdrowapolska.org.pl,1,1,1,1
1011now.com,1,1,1,1
1000covidstories.com,1,1,1,1
a2ch.ru,1,1,1,1
aafp.org,1,1,1,1
aapsonline.org,1,1,1,1
abc10.com,1,1,1,1
wn.com,1,1,1,1
wnem.com,1,1,1,1
wng.org,1,1,1,1
acog.org,1,1,1,1
wolna-polska.pl,1,1,1,1
wolnemedia.net,1,1,1,1
womensmediacenter.com,1,1,1,1
wonder.im,1,1,1,1
woodtv.com,1,1,1,1
acgov.org,1,1,1,1
wordpress.de,1,1,1,1
world-signals.com,1,1,1,1
abcactionnews.com,1,1,1,1
worlddoctorsalliance.com,1,1,1,1
worldlifeexpectancy.com,1,1,1,1
worldnews.com,1,1,1,1
abc7.com,1,1,1,1
wowt.com,1,1,1,1
abc11.com,1,1,1,1
wpri.com,1,1,1,1
wreg.com,1,1,1,1
wsaz.com,1,1,1,1
wsbtv.com,1,1,1,1
vernoncoleman.com,1,1,1,1
verite-covid19.fr,1,1,1,1
anonpaste.org,1,1,1,1
truthmatters.biz,1,1,1,1
trendingpolitics.com,1,1,1,1
bing.com,1,1,1,1
tributearchive.com,1,1,1,1
trtworld.com,1,1,1,1
biblescienceforum.com,1,1,1,1
trumpteamnews.org,1,1,1,1
bharian.com.my,1,1,1,1
truth4free.com,1,1,1,1
truthaboutvaccines.com,1,1,1,1
truthbasedmedia.com,1,1,1,1
bfmtv.com,1,1,1,1
truthpeep.com,1,1,1,1
veganomike.com,1,1,1,1
bestlifeonline.com,1,1,1,1
tucsonsentinel.com,1,1,1,1
tupaki.com,1,1,1,1
turcopolier.com,1,1,1,1
twetch.app,1,1,1,1
berliner-zeitung.de,1,1,1,1
belfasteye.com,1,1,1,1
twitch.tv,1,1,1,1
beesbuzz.com,1,1,1,1
uiowa.edu,1,1,1,1
beaconjournal.com,1,1,1,1
translatoruser-int.com,1,1,1,1
transcendingsquare.com,1,1,1,1
transcend.org,1,1,1,1
tradeforprofit.net,1,1,1,1
thetimes.co.uk,1,1,1,1
boxden.com,1,1,1,1
bostonherald.com,1,1,1,1
bostonglobe.com,1,1,1,1
bonfire.com,1,1,1,1
thinktwice.com,1,1,1,1
this.is,1,1,1,1
bodyofevidence.ca,1,1,1,1
bizpacreview.com,1,1,1,1
timcliffe.uk,1,1,1,1
bityl.pl,1,1,1,1
tinyurl.com,1,1,1,1
bitly.ws,1,1,1,1
bitly.com,1,1,1,1
tnews.com,1,1,1,1
toi.in,1,1,1,1
tokentube.net,1,1,1,1
torontocaribbean.com,1,1,1,1
torysleazeuk.com,1,1,1,1
totuusrokotteista.fi,1,1,1,1
towardsdatascience.com,1,1,1,1
bioworld.com,1,1,1,1
tpusa.com,1,1,1,1
ukcollumn.org,1,1,1,1
baltimoresun.com,1,1,1,1
uky.edu,1,1,1,1
astoundz.com,1,1,1,1
vaccineimport.com,1,1,1,1
as.com,1,1,1,1
vaccinereport.org,1,1,1,1
vaccines.gov,1,1,1,1
vaccines.here,1,1,1,1
vaccines.so,1,1,1,1
vaccinetrials.org,1,1,1,1
vaccins.il,1,1,1,1
vaers.co,1,1,1,1
armstrongeconomics.com,1,1,1,1
vaers.data,1,1,1,1
aristeia.site,1,1,1,1
arcgis.com,1,1,1,1
vaersreading.org,1,1,1,1
var.link,1,1,1,1
variant.et,1,1,1,1
aol.com,1,1,1,1
anyflip.com,1,1,1,1
anticominternblog.com,1,1,1,1
vaxxed.com,1,1,1,1
vaxxed2.com,1,1,1,1
vaxxedtracker.com,1,1,1,1
vcahospitals.com,1,1,1,1
asianews.press,1,1,1,1
astrazeneca.ca,1,1,1,1
umn.edu,1,1,1,1
astrazeneca.nl,1,1,1,1
baddrug.com,1,1,1,1
unchealthcare.org,1,1,1,1
awakenindiamovement.org,1,1,1,1
undergroundusa.com,1,1,1,1
available.you,1,1,1,1
unitednetwork.news,1,1,1,1
unshackledminds.com,1,1,1,1
uoguelph.ca,1,1,1,1
upenn.edu,1,1,1,1
uproxx.it,1,1,1,1
uptodate.com,1,1,1,1
upvir.al,1,1,1,1
authentictexan.com,1,1,1,1
ausvaxsafety.org.au,1,1,1,1
usawatchdog.com,1,1,1,1
atrombetanews.com.br,1,1,1,1
ustream.tv,1,1,1,1
uticaphoenix.net,1,1,1,1
ata.org,1,1,1,1
vaccine.in,1,1,1,1
vaccine.it,1,1,1,1
vaccine.to,1,1,1,1
vaccine.you,1,1,1,1
snohd.org,1,1,1,1
reurl.cc,1,1,1,1
smallbusiness.cafe,1,1,1,1
michael-mannheimer.net,1,1,1,1
globeandmal.com,1,1,1,1
medalerts.com,1,1,1,1
medexpress.pl,1,1,1,1
mediabiasfactcheck.com,1,1,1,1
mediafire.com,1,1,1,1
medianism.org,1,1,1,1
medicaldialogues.in,1,1,1,1
medicalnewstoday.com,1,1,1,1
medicaltrend.org,1,1,1,1
medicosporlaverdad.net,1,1,1,1
medigoo.com,1,1,1,1
1.review,1,1,1,1
geopolitics.co,1,1,1,1
gentleladyboutique.com,1,1,1,1
gematrix.org,1,1,1,1
medshadow.org,1,1,1,1
mega.nz,1,1,1,1
gdit.com,1,1,1,1
gatesofvienna.net,1,1,1,1
mergeurl.com,1,1,1,1
fxb.be,1,1,1,1
mewe.com,1,1,1,1
mi6rogue.com,1,1,1,1
miamiherald.com,1,1,1,1
miamistandard.news,1,1,1,1
mccairndojo.com,1,1,1,1
mb.com.ph,1,1,1,1
mayoclinic.org,1,1,1,1
lww.com,1,1,1,1
livemint.com,1,1,1,1
google.de,1,1,1,1
google.com.my,1,1,1,1
google.com.hk,1,1,1,1
google.co.za,1,1,1,1
localmemphis.com,1,1,1,1
google.cl,1,1,1,1
londontimes.live,1,1,1,1
longviral.com,1,1,1,1
lorientlejour.com,1,1,1,1
lumieredelafin.com,1,1,1,1
m.pro,1,1,1,1
maurizioblondet.it,1,1,1,1
madesafe.org,1,1,1,1
madisonarealymesupportgroup.com,1,1,1,1
magainstitute.com,1,1,1,1
goo.gl,1,1,1,1
maldita.es,1,1,1,1
managedhealthcareexecutive.com,1,1,1,1
margueriterothe.com,1,1,1,1
goldjournal.net,1,1,1,1
marketouchmedia.com,1,1,1,1
marketwatch.com,1,1,1,1
godfreybloom.uk,1,1,1,1
freespeechparty.store,1,1,1,1
michaelsavage.com,1,1,1,1
sky.com,1,1,1,1
freepressjournal.in,1,1,1,1
nationalacademies.org,1,1,1,1
nationalheraldindia.com,1,1,1,1
fox2detroit.com,1,1,1,1
nationalzero.com,1,1,1,1
fox29.com,1,1,1,1
naturalnews.com,1,1,1,1
fox21news.com,1,1,1,1
fox17.com,1,1,1,1
nbcwashington.com,1,1,1,1
ncatregister.com,1,1,1,1
ncrenegade.com,1,1,1,1
fool.com,1,1,1,1
focusnews24.it,1,1,1,1
fluboss.com,1,1,1,1
netdna-ssl.com,1,1,1,1
neurocienciasdrnasser.com,1,1,1,1
neurology.org,1,1,1,1
neweralive.na,1,1,1,1
flgov.com,1,1,1,1
flccc.net,1,1,1,1
finalcalldigital.com,1,1,1,1
news24-7live.com,1,1,1,1
fimea.fi,1,1,1,1
filoi-esfigmenou.com,1,1,1,1
news3lv.com,1,1,1,1
nagpurtoday.in,1,1,1,1
nacr.info,1,1,1,1
n.pr,1,1,1,1
foxlexington.com,1,1,1,1
microsoft.com,1,1,1,1
miglioverde.eu,1,1,1,1
freep.com,1,1,1,1
millenniumarts.news,1,1,1,1
mimikama.at,1,1,1,1
freedomminds.com,1,1,1,1
freedomalliance.co.uk,1,1,1,1
freeamericanetwork.com,1,1,1,1
frankspeech.com,1,1,1,1
france24.com,1,1,1,1
mohfw.gov.in,1,1,1,1
mondialisation.ca,1,1,1,1
n-tv.de,1,1,1,1
moneyrang.org,1,1,1,1
mortality.it,1,1,1,1
mprnews.org,1,1,1,1
mr.gi,1,1,1,1
mrflamingo.ca,1,1,1,1
msdmanuals.com,1,1,1,1
foxla.com,1,1,1,1
msnbc.com,1,1,1,1
mynews.one,1,1,1,1
mythdetector.ge,1,1,1,1
foxillinois.com,1,1,1,1
google.dk,1,1,1,1
google.es,1,1,1,1
livedoor.blog,1,1,1,1
live5news.com,1,1,1,1
informedchoicemichigan.org,1,1,1,1
hhr.gov,1,1,1,1
hhh.gov,1,1,1,1
insee.fr,1,1,1,1
hhc.gov,1,1,1,1
insurancejournal.com,1,1,1,1
insureteck.com,1,1,1,1
int13.ru,1,1,1,1
iol.co.za,1,1,1,1
heyoya.com,1,1,1,1
irishexaminer.com,1,1,1,1
irresistables.co,1,1,1,1
ismedia.jp,1,1,1,1
ismp.org,1,1,1,1
helsinginuutiset.fi,1,1,1,1
israpundit.org,1,1,1,1
istoedinheiro.com.br,1,1,1,1
it.it,1,1,1,1
hellboundanddown.com,1,1,1,1
jamesfetzer.org,1,1,1,1
healthyimmunitynow.org,1,1,1,1
janssenlabels.com,1,1,1,1
jeffereyjaxen.com,1,1,1,1
jeremyrhammond.com,1,1,1,1
jesuslordhelpus.com,1,1,1,1
his.gov,1,1,1,1
hispantv.com,1,1,1,1
indiaspend.com,1,1,1,1
icmr.gov.in,1,1,1,1
http://co.vi,1,1,1,1
http://ahead.dodge,1,1,1,1
hurriyet.com.tr,1,1,1,1
i-uv.com,1,1,1,1
htis.gov,1,1,1,1
hstoday.us,1,1,1,1
ibtimes.co.uk,1,1,1,1
hpnonline.com,1,1,1,1
icedrive.net,1,1,1,1
ich.org,1,1,1,1
icloud.com,1,1,1,1
icsi.org,1,1,1,1
hoot.to,1,1,1,1
idahonews.com,1,1,1,1
iheart.com,1,1,1,1
hotspotoutdoors.com,1,1,1,1
illin.is,1,1,1,1
ilsimplicissimus2.com,1,1,1,1
immunize.org,1,1,1,1
horizons.gc.ca,1,1,1,1
impf-info.de,1,1,1,1
impfnebenwirkungen.net,1,1,1,1
independent.ie,1,1,1,1
independentminute.com,1,1,1,1
jhsph.edu,1,1,1,1
healthmanagement.org,1,1,1,1
jimmunol.org,1,1,1,1
hangthecensors.com,1,1,1,1
ksipnistere.com,1,1,1,1
healio.com,1,1,1,1
hcqmeta.com,1,1,1,1
kvue.com,1,1,1,1
hatena.ne.jp,1,1,1,1
lakemedelsverket.se,1,1,1,1
has.gov,1,1,1,1
latestnewssouthafrica.com,1,1,1,1
hartstichting.nl,1,1,1,1
lawfirms.com,1,1,1,1
hartgroup.org,1,1,1,1
learntherisk.org,1,1,1,1
kpbs.org,1,1,1,1
learntherisks.org,1,1,1,1
leftbrainrightbrain.co.uk,1,1,1,1
legislation.gov.uk,1,1,1,1
lehighuniversity.org,1,1,1,1
h.gov.il,1,1,1,1
liberation.fr,1,1,1,1
liberdon.com,1,1,1,1
gsradio.net,1,1,1,1
libertyonenews.com,1,1,1,1
gospelnewsnetwork.org,1,1,1,1
lightcast.com,1,1,1,1
kpkesihatan.com,1,1,1,1
komonews.com,1,1,1,1
healthline.com,1,1,1,1
jwatch.org,1,1,1,1
jonathan-cook.net,1,1,1,1
healthfreedoms.org,1,1,1,1
healthfreedomiowa.org,1,1,1,1
journaldemontreal.com,1,1,1,1
journalistenwatch.com,1,1,1,1
journeyboost.com,1,1,1,1
healthdefense.org,1,1,1,1
healthdata.org,1,1,1,1
jsonline.com,1,1,1,1
jstor.org,1,1,1,1
jugem.jp,1,1,1,1
k.gov,1,1,1,1
koin.com,1,1,1,1
kanenazori.com,1,1,1,1
kare11.com,1,1,1,1
kathydopp.info,1,1,1,1
healthdata.gov,1,1,1,1
healthcareitnews.com,1,1,1,1
kegel.com,1,1,1,1
kemkes.go.id,1,1,1,1
kesq.com,1,1,1,1
kgns.tv,1,1,1,1
healthcare.gov,1,1,1,1
kiiitv.com,1,1,1,1
news4jax.com,1,1,1,1
fielesalaverdad.org,1,1,1,1
newscientist.com,1,1,1,1
politologue.com,1,1,1,1
deesfitness.co.uk,1,1,1,1
deeprootsathome.com,1,1,1,1
raps.org,1,1,1,1
decision.no,1,1,1,1
deccanchronicle.com,1,1,1,1
razon.com.mx,1,1,1,1
rcog.org.uk,1,1,1,1
reading.org,1,1,1,1
readsector.com,1,1,1,1
realchiefpolice.com,1,1,1,1
realclearpolitics.com,1,1,1,1
rebelne.ws,1,1,1,1
redd.it,1,1,1,1
deaths.so,1,1,1,1
redko-da-metko.ru,1,1,1,1
death.to,1,1,1,1
dc.gov,1,1,1,1
reinfocovid.fr,1,1,1,1
davidmartin.world,1,1,1,1
renegadetribune.com,1,1,1,1
renewamerica.com,1,1,1,1
renovatio21.com,1,1,1,1
rense.com,1,1,1,1
davdsoul.com,1,1,1,1
data.it,1,1,1,1
dennismichaellynch.com,1,1,1,1
destadigital.com,1,1,1,1
quadrant.org.au,1,1,1,1
dissolvingillusions.com,1,1,1,1
polygraph.info,1,1,1,1
ponkablog.com,1,1,1,1
positivechangepc.com,1,1,1,1
postandcourier.com,1,1,1,1
documenttruth.com,1,1,1,1
documentcloud.org,1,1,1,1
docdroid.net,1,1,1,1
dlvr.it,1,1,1,1
presscore.ca,1,1,1,1
dksdata.com,1,1,1,1
djhjmedia.com,1,1,1,1
dispatch.com,1,1,1,1
quackwatch.org,1,1,1,1
diseasez.info,1,1,1,1
projectspeak.net,1,1,1,1
disclose.tv,1,1,1,1
dis-informationdozen.com,1,1,1,1
propublica.org,1,1,1,1
difernews.gr,1,1,1,1
psychologytoday.com,1,1,1,1
publichealthpolicyjournal.com,1,1,1,1
diasporing.ch,1,1,1,1
dgn.org,1,1,1,1
qr.ae,1,1,1,1
daniel-debunkt.nl,1,1,1,1
dailywire.com,1,1,1,1
dailytruthreport.com,1,1,1,1
covid101.org,1,1,1,1
sagaciousnewsnetwork.com,1,1,1,1
sagaciousnewsnetwork.net,1,1,1,1
covidplanb.co.nz,1,1,1,1
sanevax.org,1,1,1,1
sante.fr,1,1,1,1
covidmedicalnetwork.com,1,1,1,1
science.org,1,1,1,1
covidlonghaulers.com,1,1,1,1
coviddatadispatch.com,1,1,1,1
covidcalltohumanity.org,1,1,1,1
sciencepresse.qc.ca,1,1,1,1
securetherepublic.com,1,1,1,1
safe-tiny.io,1,1,1,1
covid-19.no,1,1,1,1
covid-19-nieznane-fakty.pl,1,1,1,1
courtlistener.com,1,1,1,1
shiftfrequency.com,1,1,1,1
cospiratori.it,1,1,1,1
simonandschuster.com,1,1,1,1
cosmicfact.com,1,1,1,1
skagitcounty.blog,1,1,1,1
corona.org.za,1,1,1,1
corona-blog.net,1,1,1,1
skirsch.com,1,1,1,1
safechat.com,1,1,1,1
s.com,1,1,1,1
resistthemainstream.org,1,1,1,1
rightwinmedias.com,1,1,1,1
dailystormer.su,1,1,1,1
dailysceptic.org,1,1,1,1
https://gov.pl/web/szczepimysie/niepozadane-odczyny-poszczepienne,1,1,1,1
dailynorthwestern.com,1,1,1,1
dailymotion.com,1,1,1,1
revolver.com,1,1,1,1
dailymed.gov,1,1,1,1
rfr.bz,1,1,1,1
richardsonpost.com,1,1,1,1
rielpolitik.com,1,1,1,1
rifnote.com,1,1,1,1
rightwirereport.com,1,1,1,1
cp24.com,1,1,1,1
riotimesonline.com,1,1,1,1
rip.ie,1,1,1,1
rldatix.com,1,1,1,1
rmf24.pl,1,1,1,1
robert-gorter.info,1,1,1,1
dailybreeze.com,1,1,1,1
ronpaulinstitute.org,1,1,1,1
cutepotatoes.com,1,1,1,1
cstu.io,1,1,1,1
cracknewz.com,1,1,1,1
ruqqus.com,1,1,1,1
polmsg.pl,1,1,1,1
politikstube.com,1,1,1,1
faust711.com,1,1,1,1
dontgetvaccinated.com,1,1,1,1
exoportail.com,1,1,1,1
nonewabnormal.com,1,1,1,1
events.now,1,1,1,1
northjersey.com,1,1,1,1
nosmintieron.tv,1,1,1,1
not.it,1,1,1,1
eventbrite.com,1,1,1,1
notonthebeeb.co.uk,1,1,1,1
nouvelordremondial.cc,1,1,1,1
evangelicaldarkweb.org,1,1,1,1
nst.com.my,1,1,1,1
ntd.com,1,1,1,1
nukepro.net,1,1,1,1
europepmc.org,1,1,1,1
europa.is,1,1,1,1
nws.mx,1,1,1,1
nydailynews.com,1,1,1,1
nysenate.gov,1,1,1,1
espn.com,1,1,1,1
nzherald.co.nz,1,1,1,1
o-efialtis.com,1,1,1,1
epochtimes.de,1,1,1,1
omiga.co.uk,1,1,1,1
employercovidpolicy.com,1,1,1,1
onenewsnow.com,1,1,1,1
explica.co,1,1,1,1
exposethegrove.com,1,1,1,1
noagendashow.net,1,1,1,1
factchecklab.org,1,1,1,1
newselegant.com,1,1,1,1
faucidossier.com,1,1,1,1
fark.com,1,1,1,1
fal.cn,1,1,1,1
newsroom.co.nz,1,1,1,1
fakemediareport.net,1,1,1,1
fairfaxtimes.com,1,1,1,1
newswav.com,1,1,1,1
factstream.co,1,1,1,1
newswire.ca,1,1,1,1
facts.do,1,1,1,1
facta.news,1,1,1,1
nltimes.nl,1,1,1,1
nextdoor.com,1,1,1,1
eziz.org,1,1,1,1
nico.ms,1,1,1,1
nicolaporro.it,1,1,1,1
eyelash-carrie.com,1,1,1,1
nike.com,1,1,1,1
nikkei.com,1,1,1,1
nikkeibp.co.jp,1,1,1,1
nikosxeiladakis.gr,1,1,1,1
njspotlight.com,1,1,1,1
nkbp.jp,1,1,1,1
onlinenigeria.com,1,1,1,1
elsevierhealth.com,1,1,1,1
elpais.com,1,1,1,1
pharmanewsintel.com,1,1,1,1
drsircus.com,1,1,1,1
pbs.org,1,1,1,1
pcloud.link,1,1,1,1
peakprosperity.com,1,1,1,1
pei.de,1,1,1,1
pennmedicine.org,1,1,1,1
periodistasporlaverdad.com,1,1,1,1
perma.cc,1,1,1,1
peterattiamd.com,1,1,1,1
pfizersafetyreporting.com,1,1,1,1
pharmacist.com,1,1,1,1
phibetaiota.net,1,1,1,1
patriots.win,1,1,1,1
drpaulcoronamd.com,1,1,1,1
physiciansweekly.com,1,1,1,1
pilotonline.com,1,1,1,1
pjmedia.com,1,1,1,1
playmastermovie.com,1,1,1,1
pnas.org,1,1,1,1
pocketnet.app,1,1,1,1
down.in,1,1,1,1
politico.eu,1,1,1,1
doveltech.com,1,1,1,1
politicsandopinions.com,1,1,1,1
patriotsnews.com,1,1,1,1
patriotdailywire.com,1,1,1,1
eleftheripena.com,1,1,1,1
ecrit.je,1,1,1,1
opensecrets.org,1,1,1,1
ekspedyt.org,1,1,1,1
egaliteetreconciliation.fr,1,1,1,1
openvarrs.com,1,1,1,1
effects.you,1,1,1,1
effects.it,1,1,1,1
orau.gov,1,1,1,1
efe.com,1,1,1,1
ordinary-times.com,1,1,1,1
oregon.gov,1,1,1,1
eeoc.gov,1,1,1,1
orthodoxreflections.com,1,1,1,1
patrika.com,1,1,1,1
easynews24.de,1,1,1,1
osfhealthcare.org,1,1,1,1
otevrisvoumysl.cz,1,1,1,1
drugwatch.com,1,1,1,1
overheid.nl,1,1,1,1
overlawyered.com,1,1,1,1
pamplinmedia.com,1,1,1,1
paper.li,1,1,1,1
paranormal.lt,1,1,1,1
pastebin.com,1,1,1,1
drstevenhatfill.com,1,1,1,1
1.in,1,1,1,1
